,PC1,PC2
USD,0.7071067811865475,0.7071067811865476
EUR,0.7071067811865476,-0.7071067811865475
