,phi,phi_se,t(φ=0),t(φ=1),полураспад_дн,долгоср_среднее,режим
rate_PC1,0.22419957392328435,0.028179370001909173,7.9561599108885215,-27.53079384046395,0.46357579331642235,-0.00019035272736317796,возврат к среднему
rate_PC2,-0.0028148786326654186,0.02887407405606483,-0.09748810047379407,-34.7306333247431,inf,6.401908404401726e-06,≈ белый шум (φ≈0)
rate_PC3,-0.014037748912515967,0.02885341605685948,-0.4865194777926025,-35.1444607776847,inf,-5.900774313411101e-07,≈ белый шум (φ≈0)
